<beans xmlns="http://www.springframework.org/schema/beans"
	xmlns:context="http://www.springframework.org/schema/context"
	xmlns:mvc="http://www.springframework.org/schema/mvc" 
	xmlns:xsi="http://www.w3.org/2001/XMLSchema-instance"
	xsi:schemaLocation=" http://www.springframework.org/schema/beans 
	http://www.springframework.org/schema/beans/spring-beans-3.0.xsd
	http://www.springframework.org/schema/mvc 
	http://www.springframework.org/schema/mvc/spring-mvc-3.0.xsd 
	http://www.springframework.org/schema/context 
	http://www.springframework.org/schema/context/spring-context-3.0.xsd">

    <mvc:resources mapping="/resources/**" location="/resources/" />
	<context:component-scan base-package="com.demo.controller"></context:component-scan>
	<mvc:annotation-driven />
	
	<bean
		class="org.springframework.web.servlet.view.InternalResourceViewResolver">
		<property name="prefix" value="WEB-INF/"></property>
		<property name="suffix" value=".jsp"></property>
	</bean>
	
	<bean id="messageSource"
        class="org.springframework.context.support.ResourceBundleMessageSource">
        <property name="basename" value="validation" />
    </bean>
	
	 <bean id="employeeValidator" class="com.demo.validation.EmployeeValidator" />
</beans>